{"cameraMode":{"drawMode":0,"name":"Shaded","section":"Shading Mode"},"sceneLighting":false,"audioPlay":false,"sceneViewState":{"showFog":true,"showMaterialUpdate":false,"showSkybox":false,"showFlares":true,"showImageEffects":true,"showParticleSystems":true},"in2DMode":false,"pivot":{"x":0.0583580881357193,"y":1.347438931465149,"z":0.28705453872680666},"rotation":{"x":0.1349182277917862,"y":-0.006296348758041859,"z":0.0005072726053185761,"w":0.9910060167312622},"size":4.98229455947876,"orthographic":false}