{"cameraMode":{"drawMode":0,"name":"Shaded","section":"Shading Mode"},"sceneLighting":false,"audioPlay":false,"sceneViewState":{"showFog":true,"showMaterialUpdate":false,"showSkybox":false,"showFlares":true,"showImageEffects":true,"showParticleSystems":true},"in2DMode":false,"pivot":{"x":0.6524645090103149,"y":-1.032025694847107,"z":-1.1024413108825684},"rotation":{"x":0.37201249599456789,"y":-0.08479326963424683,"z":0.03409307077527046,"w":0.923841118812561},"size":5.843853950500488,"orthographic":false}