{"cameraMode":{"drawMode":0,"name":"Shaded","section":"Shading Mode"},"sceneLighting":false,"audioPlay":false,"sceneViewState":{"showFog":true,"showMaterialUpdate":false,"showSkybox":false,"showFlares":true,"showImageEffects":true,"showParticleSystems":true},"in2DMode":false,"pivot":{"x":-0.002246856689453125,"y":1.2314534187316895,"z":0.8023810386657715},"rotation":{"x":-0.21320046484470368,"y":0.0009767264127731324,"z":0.0002987203770317137,"w":-0.9771982431411743},"size":11.724672317504883,"orthographic":false}