{"cameraMode":{"drawMode":0,"name":"Shaded","section":"Shading Mode"},"sceneLighting":true,"audioPlay":false,"sceneViewState":{"showFog":true,"showMaterialUpdate":false,"showSkybox":false,"showFlares":true,"showImageEffects":true,"showParticleSystems":true},"in2DMode":false,"pivot":{"x":0.8315305709838867,"y":1.308682918548584,"z":-0.7509756088256836},"rotation":{"x":-0.25898632407188418,"y":-0.3282800614833832,"z":0.09465785324573517,"w":-0.9036425948143005},"size":7.06135368347168,"orthographic":false}