{"cameraMode":{"drawMode":0,"name":"Shaded","section":"Shading Mode"},"sceneLighting":false,"audioPlay":false,"sceneViewState":{"showFog":true,"showMaterialUpdate":false,"showSkybox":false,"showFlares":true,"showImageEffects":true,"showParticleSystems":true},"in2DMode":false,"pivot":{"x":13.315638542175293,"y":-2.5403084754943849,"z":3.3941190242767336},"rotation":{"x":0.18257127702236176,"y":0.5748465657234192,"z":-0.1338362842798233,"w":0.7865608930587769},"size":19.571455001831056,"orthographic":false}