{"cameraMode":{"drawMode":0,"name":"Shaded","section":"Shading Mode"},"sceneLighting":false,"audioPlay":false,"sceneViewState":{"showFog":true,"showMaterialUpdate":false,"showSkybox":false,"showFlares":true,"showImageEffects":true,"showParticleSystems":true},"in2DMode":false,"pivot":{"x":-1.7886195182800294,"y":-1.2377480268478394,"z":0.12320005893707276},"rotation":{"x":-0.12197846174240112,"y":0.8093820810317993,"z":-0.18019138276576997,"w":-0.545823335647583},"size":7.337475776672363,"orthographic":false}