{"cameraMode":{"drawMode":0,"name":"Shaded","section":"Shading Mode"},"sceneLighting":false,"audioPlay":false,"sceneViewState":{"showFog":true,"showMaterialUpdate":false,"showSkybox":false,"showFlares":true,"showImageEffects":true,"showParticleSystems":true},"in2DMode":false,"pivot":{"x":-0.0946500301361084,"y":-1.3327875137329102,"z":13.786298751831055},"rotation":{"x":0.14517946541309358,"y":0.04152926802635193,"z":-0.0061698053032159809,"w":0.9886279106140137},"size":27.247745513916017,"orthographic":false}