{"cameraMode":{"drawMode":0,"name":"Shaded","section":"Shading Mode"},"sceneLighting":true,"audioPlay":false,"sceneViewState":{"showFog":true,"showMaterialUpdate":false,"showSkybox":false,"showFlares":true,"showImageEffects":true,"showParticleSystems":true},"in2DMode":false,"pivot":{"x":-0.3810140788555145,"y":2.3443374633789064,"z":-0.5893635749816895},"rotation":{"x":-0.25527992844581606,"y":0.04159506782889366,"z":-0.010449772700667382,"w":-0.9661083817481995},"size":4.8313422203063969,"orthographic":false}