{"cameraMode":{"drawMode":0,"name":"Shaded","section":"Shading Mode"},"sceneLighting":true,"audioPlay":false,"sceneViewState":{"showFog":true,"showMaterialUpdate":false,"showSkybox":false,"showFlares":true,"showImageEffects":true,"showParticleSystems":true},"in2DMode":false,"pivot":{"x":-0.002246856689453125,"y":1.2314534187316895,"z":0.8023810386657715},"rotation":{"x":-0.25527992844581606,"y":0.04159506782889366,"z":-0.010449772700667382,"w":-0.9661083817481995},"size":9.752460479736329,"orthographic":false}