{"cameraMode":{"drawMode":0,"name":"Shaded","section":"Shading Mode"},"sceneLighting":false,"audioPlay":false,"sceneViewState":{"showFog":true,"showMaterialUpdate":false,"showSkybox":false,"showFlares":true,"showImageEffects":true,"showParticleSystems":true},"in2DMode":false,"pivot":{"x":-1.658435344696045,"y":1.2457900047302247,"z":1.0654268264770508},"rotation":{"x":0.25136759877204897,"y":-0.09599720686674118,"z":0.024808231741189958,"w":0.9629848003387451},"size":10.234935760498047,"orthographic":false}