{"cameraMode":{"drawMode":0,"name":"Shaded","section":"Shading Mode"},"sceneLighting":false,"audioPlay":false,"sceneViewState":{"showFog":true,"showMaterialUpdate":false,"showSkybox":false,"showFlares":true,"showImageEffects":true,"showParticleSystems":true},"in2DMode":false,"pivot":{"x":-1.703466773033142,"y":2.0799779891967775,"z":0.018374353647232057},"rotation":{"x":0.18257127702236176,"y":0.5748465657234192,"z":-0.1338362842798233,"w":0.7865608930587769},"size":6.010758399963379,"orthographic":false}