{"cameraMode":{"drawMode":0,"name":"Shaded","section":"Shading Mode"},"sceneLighting":true,"audioPlay":false,"sceneViewState":{"showFog":true,"showMaterialUpdate":false,"showSkybox":false,"showFlares":true,"showImageEffects":true,"showParticleSystems":true},"in2DMode":false,"pivot":{"x":0.0973970890045166,"y":3.0963544845581056,"z":0.8023810386657715},"rotation":{"x":-0.25527992844581606,"y":0.04159506782889366,"z":-0.010449772700667382,"w":-0.9661083817481995},"size":10.408980369567871,"orthographic":false}