{"cameraMode":{"drawMode":0,"name":"Shaded","section":"Shading Mode"},"sceneLighting":false,"audioPlay":false,"sceneViewState":{"showFog":true,"showMaterialUpdate":false,"showSkybox":false,"showFlares":true,"showImageEffects":true,"showParticleSystems":true},"in2DMode":false,"pivot":{"x":2.228937864303589,"y":2.19073486328125,"z":1.7274770736694337},"rotation":{"x":0.26236096024513247,"y":-0.052433427423238757,"z":0.014036803506314755,"w":0.9636268019676209},"size":6.260099411010742,"orthographic":false}