{"cameraMode":{"drawMode":0,"name":"Shaded","section":"Shading Mode"},"sceneLighting":false,"audioPlay":false,"sceneViewState":{"showFog":true,"showMaterialUpdate":false,"showSkybox":false,"showFlares":true,"showImageEffects":true,"showParticleSystems":true},"in2DMode":false,"pivot":{"x":-1.413553237915039,"y":3.8430140018463136,"z":-2.132131814956665},"rotation":{"x":0.1832333654165268,"y":0.14361359179019929,"z":-0.02737569808959961,"w":0.9723287224769592},"size":3.582747459411621,"orthographic":false}